user_id,name,region,company_id
1,User 1,South,2
2,User 2,West,3
3,User 3,North,4
4,User 4,South,5
5,User 5,West,6
6,User 6,North,7
7,User 7,South,8
8,User 8,West,9
9,User 9,North,10
10,User 10,South,11
11,User 11,West,12
12,User 12,North,13
13,User 13,South,14
14,User 14,West,15
15,User 15,North,16
16,User 16,South,17
17,User 17,West,18
18,User 18,North,19
19,User 19,South,20
20,User 20,West,21
21,User 21,North,22
22,User 22,South,23
23,User 23,West,24
24,User 24,North,25
25,User 25,South,26
26,User 26,West,27
27,User 27,North,28
28,User 28,South,29
29,User 29,West,30
30,User 30,North,31
31,User 31,South,32
32,User 32,West,33
33,User 33,North,34
34,User 34,South,35
35,User 35,West,36
36,User 36,North,37
37,User 37,South,38
38,User 38,West,39
39,User 39,North,40
40,User 40,South,41
41,User 41,West,42
42,User 42,North,43
43,User 43,South,44
44,User 44,West,45
45,User 45,North,46
46,User 46,South,47
47,User 47,West,48
48,User 48,North,49
49,User 49,South,50
50,User 50,West,51
51,User 51,North,52
52,User 52,South,53
53,User 53,West,54
54,User 54,North,55
55,User 55,South,56
56,User 56,West,57
57,User 57,North,58
58,User 58,South,59
59,User 59,West,60
60,User 60,North,61
61,User 61,South,62
62,User 62,West,63
63,User 63,North,64
64,User 64,South,65
65,User 65,West,66
66,User 66,North,67
67,User 67,South,68
68,User 68,West,69
69,User 69,North,70
70,User 70,South,71
71,User 71,West,72
72,User 72,North,73
73,User 73,South,74
74,User 74,West,75
75,User 75,North,76
76,User 76,South,77
77,User 77,West,78
78,User 78,North,79
79,User 79,South,80
80,User 80,West,81
81,User 81,North,82
82,User 82,South,83
83,User 83,West,84
84,User 84,North,85
85,User 85,South,86
86,User 86,West,87
87,User 87,North,88
88,User 88,South,89
89,User 89,West,90
90,User 90,North,91
91,User 91,South,92
92,User 92,West,93
93,User 93,North,94
94,User 94,South,95
95,User 95,West,96
96,User 96,North,97
97,User 97,South,98
98,User 98,West,99
99,User 99,North,100
100,User 100,South,101
101,User 101,West,102
102,User 102,North,103
103,User 103,South,104
104,User 104,West,105
105,User 105,North,106
106,User 106,South,107
107,User 107,West,108
108,User 108,North,109
109,User 109,South,110
110,User 110,West,111
111,User 111,North,112
112,User 112,South,113
113,User 113,West,114
114,User 114,North,115
115,User 115,South,116
116,User 116,West,117
117,User 117,North,118
118,User 118,South,119
119,User 119,West,120
120,User 120,North,121
121,User 121,South,122
122,User 122,West,123
123,User 123,North,124
124,User 124,South,125
125,User 125,West,126
126,User 126,North,127
127,User 127,South,128
128,User 128,West,129
129,User 129,North,130
130,User 130,South,131
131,User 131,West,132
132,User 132,North,133
133,User 133,South,134
134,User 134,West,135
135,User 135,North,136
136,User 136,South,137
137,User 137,West,138
138,User 138,North,139
139,User 139,South,140
140,User 140,West,141
141,User 141,North,142
142,User 142,South,143
143,User 143,West,144
144,User 144,North,145
145,User 145,South,146
146,User 146,West,147
147,User 147,North,148
148,User 148,South,149
149,User 149,West,150
150,User 150,North,151
151,User 151,South,152
152,User 152,West,153
153,User 153,North,154
154,User 154,South,155
155,User 155,West,156
156,User 156,North,157
157,User 157,South,158
158,User 158,West,159
159,User 159,North,160
160,User 160,South,161
161,User 161,West,162
162,User 162,North,163
163,User 163,South,164
164,User 164,West,165
165,User 165,North,166
166,User 166,South,167
167,User 167,West,168
168,User 168,North,169
169,User 169,South,170
170,User 170,West,171
171,User 171,North,172
172,User 172,South,173
173,User 173,West,174
174,User 174,North,175
175,User 175,South,176
176,User 176,West,177
177,User 177,North,178
178,User 178,South,179
179,User 179,West,180
180,User 180,North,181
181,User 181,South,182
182,User 182,West,183
183,User 183,North,184
184,User 184,South,185
185,User 185,West,186
186,User 186,North,187
187,User 187,South,188
188,User 188,West,189
189,User 189,North,190
190,User 190,South,191
191,User 191,West,192
192,User 192,North,193
193,User 193,South,194
194,User 194,West,195
195,User 195,North,196
196,User 196,South,197
197,User 197,West,198
198,User 198,North,199
199,User 199,South,200
200,User 200,West,201
201,User 201,North,202
202,User 202,South,203
203,User 203,West,204
204,User 204,North,205
205,User 205,South,206
206,User 206,West,207
207,User 207,North,208
208,User 208,South,209
209,User 209,West,210
210,User 210,North,211
211,User 211,South,212
212,User 212,West,213
213,User 213,North,214
214,User 214,South,215
215,User 215,West,216
216,User 216,North,217
217,User 217,South,218
218,User 218,West,219
219,User 219,North,220
220,User 220,South,221
221,User 221,West,222
222,User 222,North,223
223,User 223,South,224
224,User 224,West,225
225,User 225,North,226
226,User 226,South,227
227,User 227,West,228
228,User 228,North,229
229,User 229,South,230
230,User 230,West,231
231,User 231,North,232
232,User 232,South,233
233,User 233,West,234
234,User 234,North,235
235,User 235,South,236
236,User 236,West,237
237,User 237,North,238
238,User 238,South,239
239,User 239,West,240
240,User 240,North,241
241,User 241,South,242
242,User 242,West,243
243,User 243,North,244
244,User 244,South,245
245,User 245,West,246
246,User 246,North,247
247,User 247,South,248
248,User 248,West,249
249,User 249,North,250
250,User 250,South,251
251,User 251,West,252
252,User 252,North,253
253,User 253,South,254
254,User 254,West,255
255,User 255,North,256
256,User 256,South,257
257,User 257,West,258
258,User 258,North,259
259,User 259,South,260
260,User 260,West,261
261,User 261,North,262
262,User 262,South,263
263,User 263,West,264
264,User 264,North,265
265,User 265,South,266
266,User 266,West,267
267,User 267,North,268
268,User 268,South,269
269,User 269,West,270
270,User 270,North,271
271,User 271,South,272
272,User 272,West,273
273,User 273,North,274
274,User 274,South,275
275,User 275,West,276
276,User 276,North,277
277,User 277,South,278
278,User 278,West,279
279,User 279,North,280
280,User 280,South,281
281,User 281,West,282
282,User 282,North,283
283,User 283,South,284
284,User 284,West,285
285,User 285,North,286
286,User 286,South,287
287,User 287,West,288
288,User 288,North,289
289,User 289,South,290
290,User 290,West,291
291,User 291,North,292
292,User 292,South,293
293,User 293,West,294
294,User 294,North,295
295,User 295,South,296
296,User 296,West,297
297,User 297,North,298
298,User 298,South,299
299,User 299,West,300
300,User 300,North,301
301,User 301,South,302
302,User 302,West,303
303,User 303,North,304
304,User 304,South,305
305,User 305,West,306
306,User 306,North,307
307,User 307,South,308
308,User 308,West,309
309,User 309,North,310
310,User 310,South,311
311,User 311,West,312
312,User 312,North,313
313,User 313,South,314
314,User 314,West,315
315,User 315,North,316
316,User 316,South,317
317,User 317,West,318
318,User 318,North,319
319,User 319,South,320
320,User 320,West,321
321,User 321,North,322
322,User 322,South,323
323,User 323,West,324
324,User 324,North,325
325,User 325,South,326
326,User 326,West,327
327,User 327,North,328
328,User 328,South,329
329,User 329,West,330
330,User 330,North,331
331,User 331,South,332
332,User 332,West,333
333,User 333,North,334
334,User 334,South,335
335,User 335,West,336
336,User 336,North,337
337,User 337,South,338
338,User 338,West,339
339,User 339,North,340
340,User 340,South,341
341,User 341,West,342
342,User 342,North,343
343,User 343,South,344
344,User 344,West,345
345,User 345,North,346
346,User 346,South,347
347,User 347,West,348
348,User 348,North,349
349,User 349,South,350
350,User 350,West,351
351,User 351,North,352
352,User 352,South,353
353,User 353,West,354
354,User 354,North,355
355,User 355,South,356
356,User 356,West,357
357,User 357,North,358
358,User 358,South,359
359,User 359,West,360
360,User 360,North,361
361,User 361,South,362
362,User 362,West,363
363,User 363,North,364
364,User 364,South,365
365,User 365,West,366
366,User 366,North,367
367,User 367,South,368
368,User 368,West,369
369,User 369,North,370
370,User 370,South,371
371,User 371,West,372
372,User 372,North,373
373,User 373,South,374
374,User 374,West,375
375,User 375,North,376
376,User 376,South,377
377,User 377,West,378
378,User 378,North,379
379,User 379,South,380
380,User 380,West,381
381,User 381,North,382
382,User 382,South,383
383,User 383,West,384
384,User 384,North,385
385,User 385,South,386
386,User 386,West,387
387,User 387,North,388
388,User 388,South,389
389,User 389,West,390
390,User 390,North,391
391,User 391,South,392
392,User 392,West,393
393,User 393,North,394
394,User 394,South,395
395,User 395,West,396
396,User 396,North,397
397,User 397,South,398
398,User 398,West,399
399,User 399,North,400
400,User 400,South,401
401,User 401,West,402
402,User 402,North,403
403,User 403,South,404
404,User 404,West,405
405,User 405,North,406
406,User 406,South,407
407,User 407,West,408
408,User 408,North,409
409,User 409,South,410
410,User 410,West,411
411,User 411,North,412
412,User 412,South,413
413,User 413,West,414
414,User 414,North,415
415,User 415,South,416
416,User 416,West,417
417,User 417,North,418
418,User 418,South,419
419,User 419,West,420
420,User 420,North,421
421,User 421,South,422
422,User 422,West,423
423,User 423,North,424
424,User 424,South,425
425,User 425,West,426
426,User 426,North,427
427,User 427,South,428
428,User 428,West,429
429,User 429,North,430
430,User 430,South,431
431,User 431,West,432
432,User 432,North,433
433,User 433,South,434
434,User 434,West,435
435,User 435,North,436
436,User 436,South,437
437,User 437,West,438
438,User 438,North,439
439,User 439,South,440
440,User 440,West,441
441,User 441,North,442
442,User 442,South,443
443,User 443,West,444
444,User 444,North,445
445,User 445,South,446
446,User 446,West,447
447,User 447,North,448
448,User 448,South,449
449,User 449,West,450
450,User 450,North,451
451,User 451,South,452
452,User 452,West,453
453,User 453,North,454
454,User 454,South,455
455,User 455,West,456
456,User 456,North,457
457,User 457,South,458
458,User 458,West,459
459,User 459,North,460
460,User 460,South,461
461,User 461,West,462
462,User 462,North,463
463,User 463,South,464
464,User 464,West,465
465,User 465,North,466
466,User 466,South,467
467,User 467,West,468
468,User 468,North,469
469,User 469,South,470
470,User 470,West,471
471,User 471,North,472
472,User 472,South,473
473,User 473,West,474
474,User 474,North,475
475,User 475,South,476
476,User 476,West,477
477,User 477,North,478
478,User 478,South,479
479,User 479,West,480
480,User 480,North,481
481,User 481,South,482
482,User 482,West,483
483,User 483,North,484
484,User 484,South,485
485,User 485,West,486
486,User 486,North,487
487,User 487,South,488
488,User 488,West,489
489,User 489,North,490
490,User 490,South,491
491,User 491,West,492
492,User 492,North,493
493,User 493,South,494
494,User 494,West,495
495,User 495,North,496
496,User 496,South,497
497,User 497,West,498
498,User 498,North,499
499,User 499,South,500
500,User 500,West,1
501,User 501,North,2
502,User 502,South,3
503,User 503,West,4
504,User 504,North,5
505,User 505,South,6
506,User 506,West,7
507,User 507,North,8
508,User 508,South,9
509,User 509,West,10
510,User 510,North,11
511,User 511,South,12
512,User 512,West,13
513,User 513,North,14
514,User 514,South,15
515,User 515,West,16
516,User 516,North,17
517,User 517,South,18
518,User 518,West,19
519,User 519,North,20
520,User 520,South,21
521,User 521,West,22
522,User 522,North,23
523,User 523,South,24
524,User 524,West,25
525,User 525,North,26
526,User 526,South,27
527,User 527,West,28
528,User 528,North,29
529,User 529,South,30
530,User 530,West,31
531,User 531,North,32
532,User 532,South,33
533,User 533,West,34
534,User 534,North,35
535,User 535,South,36
536,User 536,West,37
537,User 537,North,38
538,User 538,South,39
539,User 539,West,40
540,User 540,North,41
541,User 541,South,42
542,User 542,West,43
543,User 543,North,44
544,User 544,South,45
545,User 545,West,46
546,User 546,North,47
547,User 547,South,48
548,User 548,West,49
549,User 549,North,50
550,User 550,South,51
551,User 551,West,52
552,User 552,North,53
553,User 553,South,54
554,User 554,West,55
555,User 555,North,56
556,User 556,South,57
557,User 557,West,58
558,User 558,North,59
559,User 559,South,60
560,User 560,West,61
561,User 561,North,62
562,User 562,South,63
563,User 563,West,64
564,User 564,North,65
565,User 565,South,66
566,User 566,West,67
567,User 567,North,68
568,User 568,South,69
569,User 569,West,70
570,User 570,North,71
571,User 571,South,72
572,User 572,West,73
573,User 573,North,74
574,User 574,South,75
575,User 575,West,76
576,User 576,North,77
577,User 577,South,78
578,User 578,West,79
579,User 579,North,80
580,User 580,South,81
581,User 581,West,82
582,User 582,North,83
583,User 583,South,84
584,User 584,West,85
585,User 585,North,86
586,User 586,South,87
587,User 587,West,88
588,User 588,North,89
589,User 589,South,90
590,User 590,West,91
591,User 591,North,92
592,User 592,South,93
593,User 593,West,94
594,User 594,North,95
595,User 595,South,96
596,User 596,West,97
597,User 597,North,98
598,User 598,South,99
599,User 599,West,100
600,User 600,North,101
601,User 601,South,102
602,User 602,West,103
603,User 603,North,104
604,User 604,South,105
605,User 605,West,106
606,User 606,North,107
607,User 607,South,108
608,User 608,West,109
609,User 609,North,110
610,User 610,South,111
611,User 611,West,112
612,User 612,North,113
613,User 613,South,114
614,User 614,West,115
615,User 615,North,116
616,User 616,South,117
617,User 617,West,118
618,User 618,North,119
619,User 619,South,120
620,User 620,West,121
621,User 621,North,122
622,User 622,South,123
623,User 623,West,124
624,User 624,North,125
625,User 625,South,126
626,User 626,West,127
627,User 627,North,128
628,User 628,South,129
629,User 629,West,130
630,User 630,North,131
631,User 631,South,132
632,User 632,West,133
633,User 633,North,134
634,User 634,South,135
635,User 635,West,136
636,User 636,North,137
637,User 637,South,138
638,User 638,West,139
639,User 639,North,140
640,User 640,South,141
641,User 641,West,142
642,User 642,North,143
643,User 643,South,144
644,User 644,West,145
645,User 645,North,146
646,User 646,South,147
647,User 647,West,148
648,User 648,North,149
649,User 649,South,150
650,User 650,West,151
651,User 651,North,152
652,User 652,South,153
653,User 653,West,154
654,User 654,North,155
655,User 655,South,156
656,User 656,West,157
657,User 657,North,158
658,User 658,South,159
659,User 659,West,160
660,User 660,North,161
661,User 661,South,162
662,User 662,West,163
663,User 663,North,164
664,User 664,South,165
665,User 665,West,166
666,User 666,North,167
667,User 667,South,168
668,User 668,West,169
669,User 669,North,170
670,User 670,South,171
671,User 671,West,172
672,User 672,North,173
673,User 673,South,174
674,User 674,West,175
675,User 675,North,176
676,User 676,South,177
677,User 677,West,178
678,User 678,North,179
679,User 679,South,180
680,User 680,West,181
681,User 681,North,182
682,User 682,South,183
683,User 683,West,184
684,User 684,North,185
685,User 685,South,186
686,User 686,West,187
687,User 687,North,188
688,User 688,South,189
689,User 689,West,190
690,User 690,North,191
691,User 691,South,192
692,User 692,West,193
693,User 693,North,194
694,User 694,South,195
695,User 695,West,196
696,User 696,North,197
697,User 697,South,198
698,User 698,West,199
699,User 699,North,200
700,User 700,South,201
701,User 701,West,202
702,User 702,North,203
703,User 703,South,204
704,User 704,West,205
705,User 705,North,206
706,User 706,South,207
707,User 707,West,208
708,User 708,North,209
709,User 709,South,210
710,User 710,West,211
711,User 711,North,212
712,User 712,South,213
713,User 713,West,214
714,User 714,North,215
715,User 715,South,216
716,User 716,West,217
717,User 717,North,218
718,User 718,South,219
719,User 719,West,220
720,User 720,North,221
721,User 721,South,222
722,User 722,West,223
723,User 723,North,224
724,User 724,South,225
725,User 725,West,226
726,User 726,North,227
727,User 727,South,228
728,User 728,West,229
729,User 729,North,230
730,User 730,South,231
731,User 731,West,232
732,User 732,North,233
733,User 733,South,234
734,User 734,West,235
735,User 735,North,236
736,User 736,South,237
737,User 737,West,238
738,User 738,North,239
739,User 739,South,240
740,User 740,West,241
741,User 741,North,242
742,User 742,South,243
743,User 743,West,244
744,User 744,North,245
745,User 745,South,246
746,User 746,West,247
747,User 747,North,248
748,User 748,South,249
749,User 749,West,250
750,User 750,North,251
751,User 751,South,252
752,User 752,West,253
753,User 753,North,254
754,User 754,South,255
755,User 755,West,256
756,User 756,North,257
757,User 757,South,258
758,User 758,West,259
759,User 759,North,260
760,User 760,South,261
761,User 761,West,262
762,User 762,North,263
763,User 763,South,264
764,User 764,West,265
765,User 765,North,266
766,User 766,South,267
767,User 767,West,268
768,User 768,North,269
769,User 769,South,270
770,User 770,West,271
771,User 771,North,272
772,User 772,South,273
773,User 773,West,274
774,User 774,North,275
775,User 775,South,276
776,User 776,West,277
777,User 777,North,278
778,User 778,South,279
779,User 779,West,280
780,User 780,North,281
781,User 781,South,282
782,User 782,West,283
783,User 783,North,284
784,User 784,South,285
785,User 785,West,286
786,User 786,North,287
787,User 787,South,288
788,User 788,West,289
789,User 789,North,290
790,User 790,South,291
791,User 791,West,292
792,User 792,North,293
793,User 793,South,294
794,User 794,West,295
795,User 795,North,296
796,User 796,South,297
797,User 797,West,298
798,User 798,North,299
799,User 799,South,300
800,User 800,West,301
801,User 801,North,302
802,User 802,South,303
803,User 803,West,304
804,User 804,North,305
805,User 805,South,306
806,User 806,West,307
807,User 807,North,308
808,User 808,South,309
809,User 809,West,310
810,User 810,North,311
811,User 811,South,312
812,User 812,West,313
813,User 813,North,314
814,User 814,South,315
815,User 815,West,316
816,User 816,North,317
817,User 817,South,318
818,User 818,West,319
819,User 819,North,320
820,User 820,South,321
821,User 821,West,322
822,User 822,North,323
823,User 823,South,324
824,User 824,West,325
825,User 825,North,326
826,User 826,South,327
827,User 827,West,328
828,User 828,North,329
829,User 829,South,330
830,User 830,West,331
831,User 831,North,332
832,User 832,South,333
833,User 833,West,334
834,User 834,North,335
835,User 835,South,336
836,User 836,West,337
837,User 837,North,338
838,User 838,South,339
839,User 839,West,340
840,User 840,North,341
841,User 841,South,342
842,User 842,West,343
843,User 843,North,344
844,User 844,South,345
845,User 845,West,346
846,User 846,North,347
847,User 847,South,348
848,User 848,West,349
849,User 849,North,350
850,User 850,South,351
851,User 851,West,352
852,User 852,North,353
853,User 853,South,354
854,User 854,West,355
855,User 855,North,356
856,User 856,South,357
857,User 857,West,358
858,User 858,North,359
859,User 859,South,360
860,User 860,West,361
861,User 861,North,362
862,User 862,South,363
863,User 863,West,364
864,User 864,North,365
865,User 865,South,366
866,User 866,West,367
867,User 867,North,368
868,User 868,South,369
869,User 869,West,370
870,User 870,North,371
871,User 871,South,372
872,User 872,West,373
873,User 873,North,374
874,User 874,South,375
875,User 875,West,376
876,User 876,North,377
877,User 877,South,378
878,User 878,West,379
879,User 879,North,380
880,User 880,South,381
881,User 881,West,382
882,User 882,North,383
883,User 883,South,384
884,User 884,West,385
885,User 885,North,386
886,User 886,South,387
887,User 887,West,388
888,User 888,North,389
889,User 889,South,390
890,User 890,West,391
891,User 891,North,392
892,User 892,South,393
893,User 893,West,394
894,User 894,North,395
895,User 895,South,396
896,User 896,West,397
897,User 897,North,398
898,User 898,South,399
899,User 899,West,400
900,User 900,North,401
901,User 901,South,402
902,User 902,West,403
903,User 903,North,404
904,User 904,South,405
905,User 905,West,406
906,User 906,North,407
907,User 907,South,408
908,User 908,West,409
909,User 909,North,410
910,User 910,South,411
911,User 911,West,412
912,User 912,North,413
913,User 913,South,414
914,User 914,West,415
915,User 915,North,416
916,User 916,South,417
917,User 917,West,418
918,User 918,North,419
919,User 919,South,420
920,User 920,West,421
921,User 921,North,422
922,User 922,South,423
923,User 923,West,424
924,User 924,North,425
925,User 925,South,426
926,User 926,West,427
927,User 927,North,428
928,User 928,South,429
929,User 929,West,430
930,User 930,North,431
931,User 931,South,432
932,User 932,West,433
933,User 933,North,434
934,User 934,South,435
935,User 935,West,436
936,User 936,North,437
937,User 937,South,438
938,User 938,West,439
939,User 939,North,440
940,User 940,South,441
941,User 941,West,442
942,User 942,North,443
943,User 943,South,444
944,User 944,West,445
945,User 945,North,446
946,User 946,South,447
947,User 947,West,448
948,User 948,North,449
949,User 949,South,450
950,User 950,West,451
951,User 951,North,452
952,User 952,South,453
953,User 953,West,454
954,User 954,North,455
955,User 955,South,456
956,User 956,West,457
957,User 957,North,458
958,User 958,South,459
959,User 959,West,460
960,User 960,North,461
961,User 961,South,462
962,User 962,West,463
963,User 963,North,464
964,User 964,South,465
965,User 965,West,466
966,User 966,North,467
967,User 967,South,468
968,User 968,West,469
969,User 969,North,470
970,User 970,South,471
971,User 971,West,472
972,User 972,North,473
973,User 973,South,474
974,User 974,West,475
975,User 975,North,476
976,User 976,South,477
977,User 977,West,478
978,User 978,North,479
979,User 979,South,480
980,User 980,West,481
981,User 981,North,482
982,User 982,South,483
983,User 983,West,484
984,User 984,North,485
985,User 985,South,486
986,User 986,West,487
987,User 987,North,488
988,User 988,South,489
989,User 989,West,490
990,User 990,North,491
991,User 991,South,492
992,User 992,West,493
993,User 993,North,494
994,User 994,South,495
995,User 995,West,496
996,User 996,North,497
997,User 997,South,498
998,User 998,West,499
999,User 999,North,500
1000,User 1000,South,1
